ts,rps,avg_ms,p50_ms,p95_ms,ok,err
1757608032,68,59.246,59.141,63.517,68,0
1757608033,66,60.507,60.142,65.579,66,0
1757608034,68,58.144,57.352,64.429,68,0
1757608035,69,58.557,58.476,61.149,69,0
1757608036,70,57.725,57.561,60.089,70,0
1757608037,68,58.361,58.280,61.621,68,0
1757608038,67,59.702,59.637,64.137,67,0
1757608039,67,59.848,59.242,65.984,67,0
1757608040,66,59.979,59.554,64.392,66,0
1757608041,64,63.535,62.766,70.399,64,0
1757608042,66,60.001,59.575,65.900,66,0
1757608043,70,58.338,58.165,60.936,70,0
1757608044,68,58.140,57.917,60.996,68,0
1757608045,67,58.599,58.139,62.082,67,0
1757608046,68,58.882,58.690,62.262,68,0
1757608047,68,58.358,57.759,61.593,68,0
1757608048,68,59.837,59.297,64.258,68,0
1757608049,66,60.916,59.777,66.940,66,0
1757608050,68,58.910,58.258,63.032,68,0
1757608051,67,59.079,58.520,62.309,67,0
1757608052,70,57.744,57.442,60.013,70,0
1757608053,68,58.124,57.670,61.711,68,0
1757608054,68,58.508,57.666,63.295,68,0
1757608055,69,58.598,58.190,61.510,69,0
1757608056,68,58.456,58.051,61.253,68,0
1757608057,68,58.660,58.325,62.639,68,0
1757608058,68,58.590,58.213,61.476,68,0
1757608059,68,58.587,58.234,62.970,68,0
1757608060,70,57.799,57.461,60.012,70,0
1757608061,70,57.936,57.705,60.299,70,0
1757608062,67,58.861,57.952,63.219,67,0
1757608063,68,57.994,57.843,59.834,68,0
1757608064,68,58.455,58.360,60.712,68,0
1757608065,68,58.992,58.836,60.729,68,0
1757608066,68,58.748,58.759,60.426,68,0
1757608067,68,59.974,59.929,63.221,68,0
1757608068,68,58.941,58.635,61.808,68,0
1757608069,68,59.304,58.933,62.794,68,0
1757608070,68,58.110,57.994,60.620,68,0
1757608071,68,58.434,57.905,61.987,68,0
1757608072,68,57.786,57.743,59.540,68,0
1757608073,72,57.873,57.650,59.693,72,0
1757608074,68,58.205,57.866,60.913,68,0
1757608075,68,58.491,58.155,61.249,68,0
1757608076,68,58.197,57.756,61.486,68,0
1757608077,70,57.970,57.605,60.691,70,0
1757608078,69,57.936,57.408,60.768,69,0
1757608079,68,58.927,58.558,62.942,68,0
1757608080,68,58.476,58.166,61.394,68,0
1757608081,68,58.643,58.506,61.255,68,0
1757608082,68,57.881,57.540,60.756,68,0
1757608083,72,57.740,57.599,60.065,72,0
1757608084,68,58.322,57.859,61.316,68,0
1757608085,68,57.840,57.449,60.477,68,0
1757608086,68,58.261,57.932,60.632,68,0
1757608087,68,58.708,58.387,61.668,68,0
1757608088,71,57.998,57.887,59.958,71,0
1757608089,68,58.107,57.639,60.942,68,0
1757608090,68,58.293,57.889,61.396,68,0
1757608091,67,59.823,58.032,74.011,67,0
1757608092,68,58.555,58.358,60.887,68,0
1757608093,68,58.524,58.321,60.710,68,0
1757608094,69,58.450,57.958,61.009,69,0
1757608095,69,58.004,57.681,60.501,69,0
1757608096,69,58.619,58.380,61.775,69,0
1757608097,69,58.408,58.015,61.745,69,0
1757608098,68,58.744,58.523,61.585,68,0
1757608099,68,58.492,57.930,62.316,68,0
1757608100,68,58.449,58.103,61.155,68,0
1757608101,68,58.800,58.327,62.197,68,0
1757608102,70,58.306,58.161,61.133,70,0
1757608103,68,58.579,58.428,60.760,68,0
1757608104,66,59.446,59.205,64.315,66,0
1757608105,70,58.283,58.075,61.224,70,0
1757608106,68,59.171,59.003,61.423,68,0
1757608107,67,58.901,58.688,62.244,67,0
1757608108,68,58.747,58.168,63.308,68,0
1757608109,68,59.046,58.398,62.557,68,0
1757608110,67,58.723,58.288,60.933,67,0
1757608111,69,58.338,57.788,61.282,69,0
1757608112,68,58.318,58.084,60.862,68,0
1757608113,67,59.264,59.005,62.871,67,0
1757608114,68,58.207,57.895,61.331,68,0
1757608115,68,58.802,58.315,62.839,68,0
1757608116,68,58.792,58.703,61.364,68,0
1757608117,70,58.259,58.170,60.803,70,0
1757608118,70,58.002,57.541,60.468,70,0
1757608119,68,58.153,57.962,60.365,68,0
1757608120,68,59.056,58.781,63.385,68,0
1757608121,68,59.228,59.136,60.933,68,0
1757608122,68,59.306,59.180,62.671,68,0
1757608123,68,58.177,57.913,60.013,68,0
1757608124,68,58.664,58.195,62.672,68,0
1757608125,68,58.832,58.589,61.800,68,0
1757608126,68,58.588,58.270,61.687,68,0
1757608127,68,58.750,58.419,61.514,68,0
1757608128,68,58.727,58.414,61.973,68,0
1757608129,68,58.388,58.068,62.404,68,0
1757608130,69,58.356,58.025,61.692,69,0
1757608131,68,58.593,58.262,61.550,68,0
1757608132,68,58.688,58.304,61.677,68,0
1757608133,68,59.066,58.633,63.052,68,0
1757608134,68,58.819,58.333,61.501,68,0
1757608135,68,59.159,58.684,64.721,68,0
1757608136,68,58.195,57.780,60.458,68,0
1757608137,68,58.669,58.082,62.806,68,0
1757608138,70,58.473,58.013,61.539,70,0
1757608139,68,58.597,58.307,61.134,68,0
1757608140,68,59.540,59.203,62.854,68,0
1757608141,68,58.707,58.848,61.075,68,0
1757608142,64,60.472,59.012,69.677,64,0
1757608143,64,61.400,61.007,66.594,64,0
1757608144,68,59.604,58.483,64.099,68,0
1757608145,67,60.160,59.994,63.221,67,0
1757608146,68,59.879,59.585,63.000,68,0
1757608147,68,58.769,58.052,62.760,68,0
1757608148,68,59.057,58.727,62.129,68,0
1757608149,65,59.588,59.591,62.103,65,0
1757608150,67,59.273,58.810,62.820,67,0
1757608151,67,60.801,59.988,65.955,67,0
1757608152,68,58.845,58.433,61.838,68,0
